{
  "name": "PTD \u2013 CAPI Ingest \u2192 Supabase",
  "nodes": [
    {
      "parameters": {
        "path": "ptd/capi/ingest",
        "options": {}
      },
      "id": "webhook1",
      "name": "Webhook",
      "type": "n8n-nodes-base.webhook",
      "typeVersion": 1,
      "position": [
        -60,
        200
      ]
    },
    {
      "parameters": {
        "functionCode": "// Normalize input and build Meta payload\nconst b = items[0].json;\nconst now = Math.floor(Date.now()/1000);\nconst event = {\n  event_name: b.event_name || b.event || 'Lead',\n  event_time: b.event_time || now,\n  user_data: {\n    emails: b.emails || (b.user_data?.emails ?? []),\n    phones: b.phones || (b.user_data?.phones ?? []),\n    first_names: b.first_names || (b.user_data?.first_names ?? []),\n    last_names: b.last_names || (b.user_data?.last_names ?? []),\n    cities: b.cities || (b.user_data?.cities ?? []),\n    states: b.states || (b.user_data?.states ?? []),\n    countries: b.countries || (b.user_data?.countries ?? ['ae']),\n    fbp: b.fbp,\n    fbc: b.fbc,\n    client_ip_address: b.client_ip_address,\n    client_user_agent: b.client_user_agent,\n    external_ids: b.external_ids || [b.external_id].filter(Boolean)\n  },\n  action_source: b.action_source || 'website',\n  custom_data: b.custom_data || { currency: b.currency || 'AED', value: b.value || 0 },\n  event_id: b.event_id\n};\nreturn [{ json: { event, test: b.test === true, raw: b } }];"
      },
      "id": "code1",
      "name": "Build Event",
      "type": "n8n-nodes-base.function",
      "typeVersion": 1,
      "position": [
        220,
        200
      ]
    },
    {
      "parameters": {
        "url": "https://graph.facebook.com/v20.0/{{$env.META_PIXEL_ID}}/events?access_token={{$env.META_ACCESS_TOKEN}}",
        "options": {
          "batching": {
            "batchSize": 1
          }
        },
        "sendBody": true,
        "jsonParameters": true,
        "options2": {},
        "bodyParametersJson": "={ \"data\": [ {{$json.event}} ], {{$json.test? '\"test_event_code\": \"'+$env.TEST_EVENT_CODE+'\"' : ''}} }"
      },
      "id": "http1",
      "name": "Send to Meta",
      "type": "n8n-nodes-base.httpRequest",
      "typeVersion": 3,
      "position": [
        560,
        200
      ]
    },
    {
      "parameters": {
        "url": "={{$env.SUPABASE_URL}}/rest/v1/ad_events",
        "jsonParameters": true,
        "sendBody": true,
        "options": {
          "batching": {
            "batchSize": 1
          }
        },
        "authentication": "predefinedCredentialType",
        "predefinedCredentialType": "supabaseApi",
        "queryParametersUi": {
          "parameter": [
            {
              "name": "select",
              "value": "*"
            }
          ]
        },
        "headerParametersUi": {
          "parameter": [
            {
              "name": "apikey",
              "value": "={{$env.SUPABASE_ANON_KEY}}"
            }
          ]
        },
        "bodyParametersJson": "={\"event_name\": {{$json.raw.event_name || $json.raw.event}}, \"currency\": {{$json.raw.currency || 'AED'}}, \"value\": {{$json.raw.value || 0}}, \"raw\": {{$json.raw}} }"
      },
      "id": "http2",
      "name": "Log to Supabase",
      "type": "n8n-nodes-base.httpRequest",
      "typeVersion": 3,
      "position": [
        820,
        200
      ]
    },
    {
      "parameters": {},
      "id": "response1",
      "name": "Return",
      "type": "n8n-nodes-base.respondToWebhook",
      "typeVersion": 1,
      "position": [
        1060,
        200
      ]
    }
  ],
  "connections": {
    "Webhook": {
      "main": [
        [
          {
            "node": "Build Event",
            "type": "main",
            "index": 0
          }
        ]
      ]
    },
    "Build Event": {
      "main": [
        [
          {
            "node": "Send to Meta",
            "type": "main",
            "index": 0
          },
          {
            "node": "Log to Supabase",
            "type": "main",
            "index": 0
          }
        ]
      ]
    },
    "Send to Meta": {
      "main": [
        [
          {
            "node": "Return",
            "type": "main",
            "index": 0
          }
        ]
      ]
    },
    "Log to Supabase": {
      "main": [
        [
          {
            "node": "Return",
            "type": "main",
            "index": 0
          }
        ]
      ]
    }
  },
  "settings": {
    "timezone": "Asia/Dubai"
  }
}