{
  "name": "PTD \u2013 Daily Health Scores",
  "nodes": [
    {
      "parameters": {
        "triggerTimes": [
          {
            "item": "custom",
            "hour": 2,
            "minute": 30,
            "weekday": "everyDay"
          }
        ]
      },
      "id": "cron1",
      "name": "Cron 02:30 GST",
      "type": "n8n-nodes-base.cron",
      "typeVersion": 1,
      "position": [
        -80,
        220
      ]
    },
    {
      "parameters": {
        "url": "={{$env.SUPABASE_URL}}/rest/v1/rpc/calculate_daily_health_scores",
        "jsonParameters": true,
        "sendBody": true,
        "authentication": "predefinedCredentialType",
        "predefinedCredentialType": "supabaseApi",
        "headerParametersUi": {
          "parameter": [
            {
              "name": "apikey",
              "value": "={{$env.SUPABASE_ANON_KEY}}"
            }
          ]
        },
        "retryOnFail": true
      },
      "id": "http3",
      "name": "Run RPC",
      "type": "n8n-nodes-base.httpRequest",
      "typeVersion": 3,
      "position": [
        240,
        220
      ]
    },
    {
      "parameters": {
        "chatId": "={{$env.TELEGRAM_CHAT_ID}}",
        "text": "\u2705 Daily health scores updated",
        "additionalFields": {}
      },
      "id": "tg1",
      "name": "Notify OK",
      "type": "n8n-nodes-base.telegram",
      "typeVersion": 1,
      "position": [
        520,
        220
      ],
      "credentials": {
        "telegramApi": {
          "id": "={{$env.TELEGRAM_TOKEN}}",
          "name": "={{$env.TELEGRAM_TOKEN}}"
        }
      }
    }
  ],
  "connections": {
    "Cron 02:30 GST": {
      "main": [
        [
          {
            "node": "Run RPC",
            "type": "main",
            "index": 0
          }
        ]
      ]
    },
    "Run RPC": {
      "main": [
        [
          {
            "node": "Notify OK",
            "type": "main",
            "index": 0
          }
        ]
      ]
    }
  },
  "settings": {
    "timezone": "Asia/Dubai"
  }
}