{
  "name": "PTD \u2013 Monthly Coach Review",
  "nodes": [
    {
      "parameters": {
        "triggerTimes": [
          {
            "item": "custom",
            "hour": 9,
            "minute": 0,
            "weekday": "Monday"
          }
        ]
      },
      "id": "cron2",
      "name": "Cron Monday 09:00",
      "type": "n8n-nodes-base.cron",
      "typeVersion": 1,
      "position": [
        -80,
        180
      ]
    },
    {
      "parameters": {
        "url": "={{$env.SUPABASE_URL}}/rest/v1/rpc/monthly_coach_review",
        "jsonParameters": true,
        "sendBody": true,
        "authentication": "predefinedCredentialType",
        "predefinedCredentialType": "supabaseApi",
        "headerParametersUi": {
          "parameter": [
            {
              "name": "apikey",
              "value": "={{$env.SUPABASE_ANON_KEY}}"
            }
          ]
        },
        "bodyParametersJson": "={\"p_coach\": \"default\"}"
      },
      "id": "http4",
      "name": "RPC Review",
      "type": "n8n-nodes-base.httpRequest",
      "typeVersion": 3,
      "position": [
        220,
        180
      ]
    },
    {
      "parameters": {
        "url": "={{$env.SUPABASE_URL}}/rest/v1/coach_reviews",
        "jsonParameters": true,
        "sendBody": true,
        "authentication": "predefinedCredentialType",
        "predefinedCredentialType": "supabaseApi",
        "headerParametersUi": {
          "parameter": [
            {
              "name": "apikey",
              "value": "={{$env.SUPABASE_ANON_KEY}}"
            }
          ]
        },
        "bodyParametersJson": "={\"coach\":\"default\",\"period_month\": {{new Date().getMonth()+1}},\"period_year\": {{new Date().getFullYear()}},\"summary\": {{$json}} }"
      },
      "id": "http5",
      "name": "Save Summary",
      "type": "n8n-nodes-base.httpRequest",
      "typeVersion": 3,
      "position": [
        520,
        180
      ]
    }
  ],
  "connections": {
    "Cron Monday 09:00": {
      "main": [
        [
          {
            "node": "RPC Review",
            "type": "main",
            "index": 0
          }
        ]
      ]
    },
    "RPC Review": {
      "main": [
        [
          {
            "node": "Save Summary",
            "type": "main",
            "index": 0
          }
        ]
      ]
    }
  },
  "settings": {
    "timezone": "Asia/Dubai"
  }
}