{
  "info": {
    "name": "PTD Meta CAPI",
    "schema": "https://schema.getpostman.com/json/collection/v2.1.0/collection.json"
  },
  "item": [
    {
      "name": "Health",
      "request": {
        "method": "GET",
        "url": "{{base}}/health"
      }
    },
    {
      "name": "Purchase",
      "request": {
        "method": "POST",
        "header": [
          {
            "key": "Content-Type",
            "value": "application/json"
          }
        ],
        "url": "{{base}}/api/events/purchase?test=true",
        "body": {
          "mode": "raw",
          "raw": "{\n  \"value\": 5000,\n  \"currency\": \"AED\",\n  \"userData\": {\n    \"emails\": [\n      \"ahmed@example.com\"\n    ],\n    \"phones\": [\n      \"971501234567\"\n    ]\n  },\n  \"contentName\": \"Premium Package\"\n}"
        }
      }
    },
    {
      "name": "Generic Event",
      "request": {
        "method": "POST",
        "header": [
          {
            "key": "Content-Type",
            "value": "application/json"
          }
        ],
        "url": "{{base}}/api/events",
        "body": {
          "mode": "raw",
          "raw": "{\n  \"event_name\": \"Lead\",\n  \"user_data\": {\n    \"emails\": [\n      \"lead@example.com\"\n    ],\n    \"phones\": [\n      \"971509991111\"\n    ]\n  }\n}"
        }
      }
    }
  ],
  "variable": [
    {
      "key": "base",
      "value": "http://localhost:3000"
    }
  ]
}